20AG10017,Question_1 Submitted on: 04:04 PM,Question_2 Submitted on: 05:05 PM,Question_3 Submitted on: 05:06 PM,Question_4 Submitted on: 04:43 PM
20IE10039,Question_1 Submitted on: 04:57 PM,Question_2 Submitted on: 04:58 PM,Question_3 Submitted on: 05:00 PM,Question_4 Not Submitted
21AE10003,Question_1 Not Submitted,Question_2 Submitted on: 03:00 PM,Question_3 Submitted on: 04:12 PM,Question_4 Submitted on: 04:59 PM
21AE10023,Question_1 Submitted on: 04:57 PM,Question_2 Submitted on: 04:58 PM,Question_3 Submitted on: 04:58 PM,Question_4 Submitted on: 04:58 PM
21AE10043,Question_1 Submitted on: 05:13 PM,Question_2 Submitted on: 04:53 PM,Question_3 Submitted on: 04:53 PM,Question_4 Submitted on: 05:13 PM
21AE30020,Question_1 Submitted on: 03:45 PM,Question_2 Submitted on: 05:08 PM,Question_3 Submitted on: 05:03 PM,Question_4 Submitted on: 04:34 PM
21AG10014,Question_1 Not Submitted,Question_2 Not Submitted,Question_3 Not Submitted,Question_4 Not Submitted
21AG10034,Question_1 Submitted on: 04:36 PM,Question_2 Submitted on: 04:04 PM,Question_3 Submitted on: 05:02 PM,Question_4 Submitted on: 03:57 PM
21AG30007,Question_1 Submitted on: 05:09 PM,Question_2 Submitted on: 04:51 PM,Question_3 Submitted on: 05:02 PM,Question_4 Submitted on: 05:01 PM
21AG30027,Question_1 Submitted on: 04:41 PM,Question_2 Submitted on: 04:40 PM,Question_3 Not Submitted,Question_4 Submitted on: 05:05 PM
21BT10002,Question_1 Submitted on: 05:10 PM,Question_2 Submitted on: 05:09 PM,Question_3 Not Submitted,Question_4 Submitted on: 05:12 PM
21BT10022,Question_1 Submitted on: 05:08 PM,Question_2 Submitted on: 05:01 PM,Question_3 Submitted on: 05:01 PM,Question_4 Submitted on: 05:02 PM
21BT30006,Question_1 Submitted on: 04:52 PM,Question_2 Submitted on: 04:52 PM,Question_3 Not Submitted,Question_4 Submitted on: 04:53 PM
21BT30026,Question_1 Submitted on: 04:39 PM,Question_2 Submitted on: 04:47 PM,Question_3 Submitted on: 04:42 PM,Question_4 Submitted on: 04:37 PM
21CE10012,Question_1 Submitted on: 05:11 PM,Question_2 Submitted on: 05:14 PM,Question_3 Submitted on: 05:13 PM,Question_4 Submitted on: 05:08 PM
21CE10032,Question_1 Submitted on: 04:14 PM,Question_2 Submitted on: 05:08 PM,Question_3 Submitted on: 04:53 PM,Question_4 Submitted on: 03:45 PM
21CE10052,Question_1 Submitted on: 05:04 PM,Question_2 Submitted on: 05:04 PM,Question_3 Submitted on: 05:04 PM,Question_4 Submitted on: 05:13 PM
21CE10072,Question_1 Submitted on: 05:06 PM,Question_2 Submitted on: 04:43 PM,Question_3 Submitted on: 05:04 PM,Question_4 Submitted on: 05:01 PM
21CE30007,Question_1 Submitted on: 04:08 PM,Question_2 Not Submitted,Question_3 Not Submitted,Question_4 Submitted on: 03:37 PM
21CE30027,Question_1 Submitted on: 05:12 PM,Question_2 Submitted on: 04:33 PM,Question_3 Submitted on: 04:34 PM,Question_4 Submitted on: 04:48 PM
21CH10015,Question_1 Submitted on: 05:11 PM,Question_2 Submitted on: 04:30 PM,Question_3 Submitted on: 04:21 PM,Question_4 Submitted on: 03:56 PM
21CH10035,Question_1 Submitted on: 04:44 PM,Question_2 Submitted on: 04:51 PM,Question_3 Submitted on: 04:54 PM,Question_4 Submitted on: 04:56 PM
21CH10055,Question_1 Submitted on: 04:47 PM,Question_2 Submitted on: 04:47 PM,Question_3 Submitted on: 04:47 PM,Question_4 Submitted on: 04:54 PM
21CH10075,Question_1 Submitted on: 04:00 PM,Question_2 Submitted on: 03:59 PM,Question_3 Not Submitted,Question_4 Submitted on: 04:20 PM
21CH30015,Question_1 Submitted on: 03:56 PM,Question_2 Submitted on: 05:06 PM,Question_3 Submitted on: 05:12 PM,Question_4 Submitted on: 03:55 PM
21CH30035,Question_1 Submitted on: 04:56 PM,Question_2 Submitted on: 04:57 PM,Question_3 Submitted on: 04:38 PM,Question_4 Submitted on: 04:28 PM
21CS10019,Question_1 Submitted on: 02:53 PM,Question_2 Submitted on: 03:11 PM,Question_3 Submitted on: 05:01 PM,Question_4 Submitted on: 04:08 PM
21CS10039,Question_1 Submitted on: 05:14 PM,Question_2 Submitted on: 04:51 PM,Question_3 Submitted on: 04:53 PM,Question_4 Submitted on: 04:54 PM
21CS10059,Question_1 Not Submitted,Question_2 Not Submitted,Question_3 Not Submitted,Question_4 Not Submitted
21CS10079,Question_1 Submitted on: 04:17 PM,Question_2 Submitted on: 04:18 PM,Question_3 Submitted on: 04:53 PM,Question_4 Submitted on: 04:19 PM
21CS30016,Question_1 Submitted on: 03:52 PM,Question_2 Submitted on: 03:52 PM,Question_3 Submitted on: 05:14 PM,Question_4 Submitted on: 05:11 PM
21CS30036,Question_1 Submitted on: 03:03 PM,Question_2 Submitted on: 03:32 PM,Question_3 Submitted on: 05:08 PM,Question_4 Submitted on: 04:10 PM
21CS30056,Question_1 Submitted on: 04:56 PM,Question_2 Submitted on: 05:02 PM,Question_3 Submitted on: 04:38 PM,Question_4 Submitted on: 04:37 PM
21CY10016,Question_1 Submitted on: 05:14 PM,Question_2 Submitted on: 04:49 PM,Question_3 Submitted on: 04:39 PM,Question_4 Submitted on: 04:38 PM
21CY10036,Question_1 Submitted on: 04:58 PM,Question_2 Submitted on: 04:58 PM,Question_3 Submitted on: 05:08 PM,Question_4 Submitted on: 04:59 PM
21EC10011,Question_1 Submitted on: 05:04 PM,Question_2 Submitted on: 04:21 PM,Question_3 Submitted on: 05:03 PM,Question_4 Submitted on: 05:02 PM
21EC10031,Question_1 Submitted on: 04:33 PM,Question_2 Submitted on: 04:45 PM,Question_3 Not Submitted,Question_4 Submitted on: 04:58 PM
21EC10051,Question_1 Submitted on: 04:06 PM,Question_2 Submitted on: 03:18 PM,Question_3 Submitted on: 05:00 PM,Question_4 Submitted on: 04:17 PM
21EC10071,Question_1 Submitted on: 04:50 PM,Question_2 Submitted on: 04:51 PM,Question_3 Submitted on: 04:51 PM,Question_4 Submitted on: 05:06 PM
21EC30003,Question_1 Submitted on: 04:25 PM,Question_2 Submitted on: 04:51 PM,Question_3 Submitted on: 04:16 PM,Question_4 Submitted on: 04:18 PM
21EC30023,Question_1 Submitted on: 04:45 PM,Question_2 Submitted on: 04:46 PM,Question_3 Submitted on: 04:50 PM,Question_4 Submitted on: 04:46 PM
21EC30043,Question_1 Submitted on: 04:36 PM,Question_2 Submitted on: 04:36 PM,Question_3 Submitted on: 04:37 PM,Question_4 Submitted on: 04:37 PM
21EC30060,Question_1 Submitted on: 04:33 PM,Question_2 Not Submitted,Question_3 Submitted on: 04:35 PM,Question_4 Submitted on: 04:36 PM
21EE10024,Question_1 Submitted on: 05:10 PM,Question_2 Submitted on: 04:05 PM,Question_3 Submitted on: 05:14 PM,Question_4 Submitted on: 04:05 PM
21EE10044,Question_1 Submitted on: 04:35 PM,Question_2 Submitted on: 04:49 PM,Question_3 Submitted on: 05:11 PM,Question_4 Submitted on: 03:30 PM
21EE10064,Question_1 Not Submitted,Question_2 Not Submitted,Question_3 Not Submitted,Question_4 Not Submitted
21EE30005,Question_1 Submitted on: 05:00 PM,Question_2 Submitted on: 05:01 PM,Question_3 Submitted on: 05:11 PM,Question_4 Submitted on: 05:02 PM
21EE30025,Question_1 Submitted on: 04:31 PM,Question_2 Submitted on: 04:42 PM,Question_3 Submitted on: 04:54 PM,Question_4 Submitted on: 04:34 PM
21EX10032,Question_1 Submitted on: 04:34 PM,Question_2 Submitted on: 04:34 PM,Question_3 Submitted on: 04:35 PM,Question_4 Submitted on: 04:35 PM
21GG10010,Question_1 Submitted on: 04:15 PM,Question_2 Submitted on: 04:20 PM,Question_3 Submitted on: 03:53 PM,Question_4 Submitted on: 04:36 PM
21GG20002,Question_1 Not Submitted,Question_2 Not Submitted,Question_3 Submitted on: 04:57 PM,Question_4 Submitted on: 04:54 PM
21HS10018,Question_1 Submitted on: 05:06 PM,Question_2 Submitted on: 04:53 PM,Question_3 Submitted on: 05:13 PM,Question_4 Submitted on: 04:54 PM
21HS20001,Question_1 Submitted on: 04:43 PM,Question_2 Not Submitted,Question_3 Not Submitted,Question_4 Not Submitted
21IE10017,Question_1 Submitted on: 03:35 PM,Question_2 Submitted on: 03:35 PM,Question_3 Not Submitted,Question_4 Submitted on: 04:28 PM
21IE10036,Question_1 Not Submitted,Question_2 Not Submitted,Question_3 Not Submitted,Question_4 Not Submitted
21IM10011,Question_1 Submitted on: 04:48 PM,Question_2 Submitted on: 05:08 PM,Question_3 Submitted on: 04:49 PM,Question_4 Submitted on: 05:06 PM
21IM10030,Question_1 Submitted on: 04:47 PM,Question_2 Submitted on: 04:47 PM,Question_3 Submitted on: 04:47 PM,Question_4 Submitted on: 05:13 PM
21IM30007,Question_1 Submitted on: 03:58 PM,Question_2 Submitted on: 03:54 PM,Question_3 Submitted on: 03:26 PM,Question_4 Submitted on: 04:30 PM
21IM30026,Question_1 Submitted on: 04:18 PM,Question_2 Not Submitted,Question_3 Not Submitted,Question_4 Submitted on: 04:10 PM
21MA10017,Question_1 Submitted on: 04:04 PM,Question_2 Submitted on: 04:37 PM,Question_3 Submitted on: 05:12 PM,Question_4 Submitted on: 04:04 PM
21MA10036,Question_1 Submitted on: 04:58 PM,Question_2 Submitted on: 03:39 PM,Question_3 Submitted on: 03:39 PM,Question_4 Submitted on: 04:08 PM
21MA10055,Question_1 Submitted on: 04:47 PM,Question_2 Submitted on: 04:29 PM,Question_3 Submitted on: 04:29 PM,Question_4 Submitted on: 04:29 PM
21ME10005,Question_1 Submitted on: 02:53 PM,Question_2 Submitted on: 04:53 PM,Question_3 Submitted on: 04:42 PM,Question_4 Submitted on: 04:17 PM
21ME10024,Question_1 Submitted on: 03:52 PM,Question_2 Submitted on: 04:56 PM,Question_3 Not Submitted,Question_4 Submitted on: 04:26 PM
21ME10043,Question_1 Submitted on: 04:41 PM,Question_2 Submitted on: 04:29 PM,Question_3 Submitted on: 05:14 PM,Question_4 Submitted on: 04:30 PM
21ME10062,Question_1 Submitted on: 04:58 PM,Question_2 Submitted on: 03:36 PM,Question_3 Submitted on: 04:27 PM,Question_4 Submitted on: 04:55 PM
21ME10081,Question_1 Not Submitted,Question_2 Not Submitted,Question_3 Not Submitted,Question_4 Submitted on: 04:58 PM
21ME10100,Question_1 Submitted on: 05:01 PM,Question_2 Submitted on: 05:01 PM,Question_3 Submitted on: 05:14 PM,Question_4 Submitted on: 05:02 PM
21ME30015,Question_1 Not Submitted,Question_2 Not Submitted,Question_3 Not Submitted,Question_4 Not Submitted
21ME30034,Question_1 Submitted on: 04:53 PM,Question_2 Not Submitted,Question_3 Submitted on: 04:56 PM,Question_4 Submitted on: 04:54 PM
21ME30053,Question_1 Submitted on: 04:41 PM,Question_2 Submitted on: 04:41 PM,Question_3 Submitted on: 04:51 PM,Question_4 Submitted on: 04:42 PM
21ME30072,Question_1 Submitted on: 04:54 PM,Question_2 Not Submitted,Question_3 Submitted on: 04:55 PM,Question_4 Not Submitted
21MF10017,Question_1 Submitted on: 04:53 PM,Question_2 Submitted on: 05:14 PM,Question_3 Submitted on: 04:54 PM,Question_4 Submitted on: 04:55 PM
21MF10036,Question_1 Submitted on: 04:44 PM,Question_2 Submitted on: 04:45 PM,Question_3 Submitted on: 04:45 PM,Question_4 Submitted on: 04:46 PM
21MF3IM12,Question_1 Submitted on: 05:04 PM,Question_2 Submitted on: 05:05 PM,Question_3 Not Submitted,Question_4 Submitted on: 05:06 PM
21MI10010,Question_1 Submitted on: 04:19 PM,Question_2 Submitted on: 05:12 PM,Question_3 Not Submitted,Question_4 Submitted on: 04:20 PM
21MI10048,Question_1 Submitted on: 04:47 PM,Question_2 Submitted on: 05:05 PM,Question_3 Submitted on: 04:38 PM,Question_4 Submitted on: 03:58 PM
21MI31013,Question_1 Submitted on: 04:21 PM,Question_2 Submitted on: 05:14 PM,Question_3 Not Submitted,Question_4 Submitted on: 04:42 PM
21MI33004,Question_1 Submitted on: 04:39 PM,Question_2 Submitted on: 04:40 PM,Question_3 Submitted on: 04:57 PM,Question_4 Submitted on: 05:14 PM
21MI33023,Question_1 Submitted on: 03:31 PM,Question_2 Submitted on: 04:40 PM,Question_3 Submitted on: 03:55 PM,Question_4 Submitted on: 04:48 PM
21MT10017,Question_1 Submitted on: 04:37 PM,Question_2 Submitted on: 04:23 PM,Question_3 Submitted on: 04:38 PM,Question_4 Submitted on: 04:29 PM
21MT10036,Question_1 Submitted on: 05:06 PM,Question_2 Submitted on: 04:54 PM,Question_3 Submitted on: 05:14 PM,Question_4 Submitted on: 04:09 PM
21MT10055,Question_1 Submitted on: 05:12 PM,Question_2 Submitted on: 03:33 PM,Question_3 Submitted on: 04:40 PM,Question_4 Submitted on: 03:34 PM
21MT30012,Question_1 Submitted on: 04:33 PM,Question_2 Submitted on: 04:33 PM,Question_3 Submitted on: 04:34 PM,Question_4 Submitted on: 04:34 PM
21MT30031,Question_1 Submitted on: 03:57 PM,Question_2 Not Submitted,Question_3 Submitted on: 04:26 PM,Question_4 Submitted on: 03:13 PM
21NA10018,Question_1 Submitted on: 04:36 PM,Question_2 Submitted on: 04:36 PM,Question_3 Submitted on: 04:37 PM,Question_4 Submitted on: 04:37 PM
21NA10037,Question_1 Submitted on: 03:44 PM,Question_2 Not Submitted,Question_3 Not Submitted,Question_4 Submitted on: 04:19 PM
21NA30029,Question_1 Submitted on: 04:53 PM,Question_2 Submitted on: 04:54 PM,Question_3 Submitted on: 05:04 PM,Question_4 Submitted on: 04:20 PM
21PH10033,Question_1 Submitted on: 04:41 PM,Question_2 Not Submitted,Question_3 Not Submitted,Question_4 Submitted on: 04:45 PM