20AG10017,Question_3 Submitted on: 05:06 PM
20IE10039,Question_3 Submitted on: 05:00 PM
21AE10003,Question_3 Submitted on: 04:12 PM
21AE10023,Question_3 Submitted on: 04:58 PM
21AE10043,Question_3 Submitted on: 04:53 PM
21AE30020,Question_3 Submitted on: 05:03 PM
21AG10014,Question_3 Not Submitted
21AG10034,Question_3 Submitted on: 05:02 PM
21AG30007,Question_3 Submitted on: 05:02 PM
21AG30027,Question_3 Not Submitted
21BT10002,Question_3 Not Submitted
21BT10022,Question_3 Submitted on: 05:01 PM
21BT30006,Question_3 Not Submitted
21BT30026,Question_3 Submitted on: 04:42 PM
21CE10012,Question_3 Submitted on: 05:13 PM
21CE10032,Question_3 Submitted on: 04:53 PM
21CE10052,Question_3 Submitted on: 05:04 PM
21CE10072,Question_3 Submitted on: 05:04 PM
21CE30007,Question_3 Not Submitted
21CE30027,Question_3 Submitted on: 04:34 PM
21CH10015,Question_3 Submitted on: 04:21 PM
21CH10035,Question_3 Submitted on: 04:54 PM
21CH10055,Question_3 Submitted on: 04:47 PM
21CH10075,Question_3 Not Submitted
21CH30015,Question_3 Submitted on: 05:12 PM
21CH30035,Question_3 Submitted on: 04:38 PM
21CS10019,Question_3 Submitted on: 05:01 PM
21CS10039,Question_3 Submitted on: 04:53 PM
21CS10059,Question_3 Not Submitted
21CS10079,Question_3 Submitted on: 04:53 PM
21CS30016,Question_3 Submitted on: 05:14 PM
21CS30036,Question_3 Submitted on: 05:08 PM
21CS30056,Question_3 Submitted on: 04:38 PM
21CY10016,Question_3 Submitted on: 04:39 PM
21CY10036,Question_3 Submitted on: 05:08 PM
21EC10011,Question_3 Submitted on: 05:03 PM
21EC10031,Question_3 Not Submitted
21EC10051,Question_3 Submitted on: 05:00 PM
21EC10071,Question_3 Submitted on: 04:51 PM
21EC30003,Question_3 Submitted on: 04:16 PM
21EC30023,Question_3 Submitted on: 04:50 PM
21EC30043,Question_3 Submitted on: 04:37 PM
21EC30060,Question_3 Submitted on: 04:35 PM
21EE10024,Question_3 Submitted on: 05:14 PM
21EE10044,Question_3 Submitted on: 05:11 PM
21EE10064,Question_3 Not Submitted
21EE30005,Question_3 Submitted on: 05:11 PM
21EE30025,Question_3 Submitted on: 04:54 PM
21EX10032,Question_3 Submitted on: 04:35 PM
21GG10010,Question_3 Submitted on: 03:53 PM
21GG20002,Question_3 Submitted on: 04:57 PM
21HS10018,Question_3 Submitted on: 05:13 PM
21HS20001,Question_3 Not Submitted
21IE10017,Question_3 Not Submitted
21IE10036,Question_3 Not Submitted
21IM10011,Question_3 Submitted on: 04:49 PM
21IM10030,Question_3 Submitted on: 04:47 PM
21IM30007,Question_3 Submitted on: 03:26 PM
21IM30026,Question_3 Not Submitted
21MA10017,Question_3 Submitted on: 05:12 PM
21MA10036,Question_3 Submitted on: 03:39 PM
21MA10055,Question_3 Submitted on: 04:29 PM
21ME10005,Question_3 Submitted on: 04:42 PM
21ME10024,Question_3 Not Submitted
21ME10043,Question_3 Submitted on: 05:14 PM
21ME10062,Question_3 Submitted on: 04:27 PM
21ME10081,Question_3 Not Submitted
21ME10100,Question_3 Submitted on: 05:14 PM
21ME30015,Question_3 Not Submitted
21ME30034,Question_3 Submitted on: 04:56 PM
21ME30053,Question_3 Submitted on: 04:51 PM
21ME30072,Question_3 Submitted on: 04:55 PM
21MF10017,Question_3 Submitted on: 04:54 PM
21MF10036,Question_3 Submitted on: 04:45 PM
21MF3IM12,Question_3 Not Submitted
21MI10010,Question_3 Not Submitted
21MI10048,Question_3 Submitted on: 04:38 PM
21MI31013,Question_3 Not Submitted
21MI33004,Question_3 Submitted on: 04:57 PM
21MI33023,Question_3 Submitted on: 03:55 PM
21MT10017,Question_3 Submitted on: 04:38 PM
21MT10036,Question_3 Submitted on: 05:14 PM
21MT10055,Question_3 Submitted on: 04:40 PM
21MT30012,Question_3 Submitted on: 04:34 PM
21MT30031,Question_3 Submitted on: 04:26 PM
21NA10018,Question_3 Submitted on: 04:37 PM
21NA10037,Question_3 Not Submitted
21NA30029,Question_3 Submitted on: 05:04 PM
21PH10033,Question_3 Not Submitted