20AG10017,Question_2 Not Submitted
20IE10039,Question_2 Not Submitted
21AE10003,Question_2 Submitted on: 04:58 PM
21AE10023,Question_2 Submitted on: 05:12 PM
21AE10043,Question_2 Submitted on: 05:14 PM
21AE30020,Question_2 Not Submitted
21AG10014,Question_2 Not Submitted
21AG10034,Question_2 Submitted on: 05:06 PM
21AG30007,Question_2 Submitted on: 05:00 PM
21AG30027,Question_2 Not Submitted
21BT10002,Question_2 Not Submitted
21BT10022,Question_2 Submitted on: 05:14 PM
21BT30006,Question_2 Submitted on: 05:13 PM
21BT30026,Question_2 Submitted on: 05:02 PM
21CE10012,Question_2 Submitted on: 05:11 PM
21CE10032,Question_2 Submitted on: 04:31 PM
21CE10052,Question_2 Submitted on: 04:39 PM
21CE10072,Question_2 Submitted on: 04:52 PM
21CE30007,Question_2 Not Submitted
21CE30027,Question_2 Submitted on: 05:00 PM
21CH10015,Question_2 Submitted on: 05:12 PM
21CH10035,Question_2 Submitted on: 04:20 PM
21CH10055,Question_2 Submitted on: 04:51 PM
21CH10075,Question_2 Submitted on: 03:33 PM
21CH30015,Question_2 Submitted on: 05:10 PM
21CH30035,Question_2 Submitted on: 05:09 PM
21CS10019,Question_2 Submitted on: 04:52 PM
21CS10039,Question_2 Submitted on: 04:57 PM
21CS10059,Question_2 Submitted on: 05:13 PM
21CS10079,Question_2 Submitted on: 05:14 PM
21CS30016,Question_2 Not Submitted
21CS30036,Question_2 Submitted on: 04:15 PM
21CS30056,Question_2 Not Submitted
21CY10016,Question_2 Submitted on: 04:21 PM
21CY10036,Question_2 Submitted on: 05:13 PM
21EC10011,Question_2 Submitted on: 04:08 PM
21EC10031,Question_2 Not Submitted
21EC10051,Question_2 Not Submitted
21EC10071,Question_2 Submitted on: 04:35 PM
21EC30003,Question_2 Submitted on: 03:36 PM
21EC30023,Question_2 Submitted on: 04:45 PM
21EC30043,Question_2 Submitted on: 04:45 PM
21EC30060,Question_2 Submitted on: 04:30 PM
21EE10024,Question_2 Submitted on: 04:56 PM
21EE10044,Question_2 Not Submitted
21EE10064,Question_2 Not Submitted
21EE30005,Question_2 Submitted on: 04:50 PM
21EE30025,Question_2 Submitted on: 04:52 PM
21EX10032,Question_2 Submitted on: 05:14 PM
21GG10010,Question_2 Submitted on: 05:14 PM
21GG20002,Question_2 Not Submitted
21HS10018,Question_2 Submitted on: 05:12 PM
21HS20001,Question_2 Not Submitted
21IE10017,Question_2 Not Submitted
21IE10036,Question_2 Not Submitted
21IM10011,Question_2 Submitted on: 05:09 PM
21IM10030,Question_2 Submitted on: 05:11 PM
21IM30007,Question_2 Submitted on: 04:07 PM
21IM30026,Question_2 Submitted on: 05:12 PM
21MA10017,Question_2 Submitted on: 05:14 PM
21MA10036,Question_2 Submitted on: 04:49 PM
21MA10055,Question_2 Submitted on: 04:54 PM
21ME10005,Question_2 Not Submitted
21ME10024,Question_2 Submitted on: 05:12 PM
21ME10043,Question_2 Not Submitted
21ME10062,Question_2 Submitted on: 04:36 PM
21ME10081,Question_2 Submitted on: 05:05 PM
21ME10100,Question_2 Not Submitted
21ME30015,Question_2 Not Submitted
21ME30034,Question_2 Not Submitted
21ME30053,Question_2 Submitted on: 03:07 PM
21ME30072,Question_2 Not Submitted
21MF10017,Question_2 Submitted on: 05:11 PM
21MF10036,Question_2 Not Submitted
21MF3IM12,Question_2 Submitted on: 05:10 PM
21MI10010,Question_2 Not Submitted
21MI10029,Question_2 Not Submitted
21MI10048,Question_2 Submitted on: 04:55 PM
21MI31013,Question_2 Submitted on: 04:44 PM
21MI33004,Question_2 Submitted on: 04:36 PM
21MI33023,Question_2 Not Submitted
21MT10017,Question_2 Submitted on: 04:57 PM
21MT10036,Question_2 Not Submitted
21MT10055,Question_2 Submitted on: 04:48 PM
21MT30012,Question_2 Submitted on: 04:58 PM
21MT30031,Question_2 Not Submitted
21NA10018,Question_2 Submitted on: 04:58 PM
21NA10037,Question_2 Not Submitted
21NA30029,Question_2 Submitted on: 04:41 PM
21PH10033,Question_2 Not Submitted